ID,FirstName,LastName,Email,Phone
101,Anna,Schmidt,anna.schmidt@acme.com,2222222222
102,Anna,Müller,anna.muller@acme.com,2222222222
103,Anna,Becker,anna.becker@acme.com,2222222222
104,Anna,Wagner,anna.wagner@acme.com,2222222222
105,Anna,Koch,anna.koch@acme.com,2222222222
106,Anna,Bauer,anna.bauer@acme.com,2222222222
107,Anna,Klein,anna.klein@acme.com,2222222222
108,Anna,Fischer,anna.fischer@acme.com,2222222222
109,Anna,Weber,anna.weber@acme.com,2222222222
110,Anna,Hoffmann,anna.hoffmann@acme.com,2222222222
111,Anna,Schulz,anna.schulz@acme.com,2222222222
112,Anna,Lange,anna.lange@acme.com,2222222222
113,Anna,Krause,anna.krause@acme.com,2222222222
114,Anna,Lehmann,anna.lehmann@acme.com,2222222222
115,Anna,Fuchs,anna.fuchs@acme.com,2222222222
116,Anna,Richter,anna.richter@acme.com,2222222222
117,Anna,Hartmann,anna.hartmann@acme.com,2222222222
118,Anna,Berg,anna.berg@acme.com,2222222222
119,Anna,Stein,anna.stein@acme.com,2222222222
120,Anna,Maurer,anna.maurer@acme.com,2222222222
121,Anna,Schreiber,anna.schreiber@acme.com,2222222222
122,Anna,Kühn,anna.kuhn@acme.com,2222222222
123,Anna,Möller,anna.moller@acme.com,2222222222
124,Anna,Hartung,anna.hartung@acme.com,2222222222
125,Anna,Graf,anna.graf@acme.com,2222222222
126,Anna,Peters,anna.peters@acme.com,2222222222
127,Anna,Schmid,anna.schmid@acme.com,2222222222
128,Anna,Röder,anna.roder@acme.com,2222222222
129,Anna,Witt,anna.witt@acme.com,2222222222
130,Anna,Jäger,anna.jager@acme.com,2222222222
131,Anna,Keller,anna.keller@acme.com,2222222222
132,Anna,Frank,anna.frank@acme.com,2222222222
133,Anna,Kraft,anna.kraft@acme.com,2222222222
134,Anna,Fritz,anna.fritz@acme.com,2222222222
135,Anna,Bach,anna.bach@acme.com,2222222222
136,Anna,Zimmermann,anna.zimmermann@acme.com,2222222222
137,Anna,Hofmann,anna.hofmann@acme.com,2222222222
138,Anna,Wagner,anna.wagner@acme.com,2222222222
139,Anna,Schmitt,anna.schmitt@acme.com,2222222222
140,Anna,Götz,anna.goetz@acme.com,2222222222
141,Anna,Schuster,anna.schuster@acme.com,2222222222
142,Anna,Simon,anna.simon@acme.com,2222222222
143,Anna,Vogel,anna.vogel@acme.com,2222222222
144,Anna,Fuchs,anna.fuchs@acme.com,2222222222
145,Anna,Wolf,anna.wolf@acme.com,2222222222
146,Anna,Brandt,anna.brandt@acme.com,2222222222
147,Anna,Huber,anna.huber@acme.com,2222222222
148,Anna,Bergmann,anna.bergmann@acme.com,2222222222
149,Anna,Kaiser,anna.kaiser@acme.com,2222222222
150,Anna,Roth,anna.roth@acme.com,2222222222